<?xml version="1.0" encoding="UTF-8" ?>
<beans xmlns="http://www.springframework.org/schema/beans" xmlns:xsi="http://www.w3.org/2001/XMLSchema-instance"
    xmlns:lang="http://www.springframework.org/schema/lang"
    xsi:schemaLocation="http://www.springframework.org/schema/beans http://www.springframework.org/schema/beans/spring-beans-4.0.xsd                            
    http://www.springframework.org/schema/lang http://www.springframework.org/schema/lang/spring-lang-4.0.xsd">

    <bean id="placeholderConfig"
        class="org.springframework.beans.factory.config.PropertyPlaceholderConfigurer">
        <property name="locations">
            <list>
                <value>/WEB-INF/red5-web.properties</value>
            </list>
        </property>
    </bean>

    <bean id="web.context" class="org.red5.server.Context" autowire="byType" />

    <bean id="web.scope" class="org.red5.server.scope.WebScope">
        <property name="server" ref="red5.server" />
        <property name="parent" ref="global.scope" />
        <property name="context" ref="web.context" />
        <property name="handler" ref="web.handler" />
        <property name="contextPath" value="${webapp.contextPath}" />
        <property name="virtualHosts" value="${webapp.virtualHosts}" />
    </bean>

    <bean id="web.handler" class="org.red5.demos.chat.Application" />

    <bean id="router" class="org.red5.demos.chat.Router">
        <property name="app" ref="web.handler" />
    </bean>

    <!-- WebSocket scope with our listeners -->
    <bean id="webSocketScopeDefault" class="org.red5.net.websocket.WebSocketScope">
        <!-- Application scope -->
        <property name="scope" ref="web.scope" />
        <!-- The path to which this scope is attached. The special value of "default" 
            means that it will be added to all paths -->
        <property name="path" value="default" />
        <property name="listeners">
            <list>
                <bean id="chatListener" class="org.red5.demos.chat.WebSocketChatDataListener">
                    <property name="router" ref="router" />
                </bean>
            </list>
        </property>
    </bean>

</beans>
