<?xml version="1.0" encoding="UTF-8"?>
<configuration>

	<contextName>chat</contextName>
	
	<jmxConfigurator contextName="chat" />
	
	<appender name="chat" class="ch.qos.logback.core.FileAppender">
		<File>log/chat.log</File>
		<Append>false</Append>
		<Encoding>UTF-8</Encoding>
		<BufferedIO>false</BufferedIO>
		<ImmediateFlush>true</ImmediateFlush>
		<layout class="ch.qos.logback.classic.PatternLayout">
			<Pattern>
				%date [%thread] %-5level %logger{35} - %msg%n
			</Pattern>
		</layout>
	</appender>
		
	<root>
		<level value="TRACE" />
        <appender-ref ref="chat" />
	</root>
						
</configuration>
